Source,Date,Title,URL,Summary,Topics,Sentiment
Reddit r/RWATimes,2026-03-24 06:00,Two Top Republican Senators Blame Trump for Killing DHS Funding Bill,https://reddit.com/r/RWATimes/comments/1s25ns4/two_top_republican_senators_blame_trump_for/,"![](https://mishtalk.com/wp-content/uploads/2026/03/Trump-TACO-Coming-Up.png) But Trump just TACOed. Republicans do not want the blame for airport delays.Trump TACO’d late today, but let’s discuss the humiliation from the top.On March 22, Trump posted an obvious bluff (lead ima ... **Details:** - **Published:** 24/03/2026 05:28 (UTC) - **📊 Characteristics Score:** > **Asset Type:** *stable",Fund,Positive
Reddit r/NIOS_Students,2026-03-24 05:58,Reported the state of NIOS website via CPGRAMS,https://reddit.com/r/NIOS_Students/comments/1s25mqt/reported_the_state_of_nios_website_via_cpgrams/,,General,Neutral
Reddit r/KolkataStartupHub,2026-03-24 05:55,why are we all so desperate for a another infosys or some other mnc office here?,https://reddit.com/r/KolkataStartupHub/comments/1s25la2/why_are_we_all_so_desperate_for_a_another_infosys/,"serious question why do u think ""X company opening office in kolkata"" treated like a win? Is it because we have been deprived of the minimum in this regard for years now? we have devs, designers, operators. good ones. who've been working for someone else's product for years, some for decades. what's stopping them from building their own thing? is it risk tolerance? families? no funding network?",Fund,Positive
Reddit r/AccessoryDwellings,2026-03-24 05:55,"California ADU Impact Fees in 2026: The Complete Guide to Saving $10,000 or More",https://reddit.com/r/AccessoryDwellings/comments/1s25ktu/california_adu_impact_fees_in_2026_the_complete/,"*hey guys I wrote this artical recently, let me repost it here.* *======* *If you are planning an* [*ADU*](https://www.adupilot.com/resources/glossary#adu) *in California,* [*impact fees*](https://www.adupilot.com/resources/glossary#impact-fees) *are one of the largest controllable costs in your budget. This guide explains exactly what they are, how much they cost in major cities, and how two si",General,Positive
Reddit r/worldpowers,2026-03-24 05:44,[ROLEPLAY] A Political Overview of the Western Democracies 2029,https://reddit.com/r/worldpowers/comments/1s25enb/roleplay_a_political_overview_of_the_western/,"##**WDBC (Western Democracies Broadcasting Corporation)** - **Elections Announced For January 2030** Following the formation of the Western Democratic Confederation, the political state of the WDC was, for a time, seemingly unknown. While initial statements produced by Secretary Larry Fink's Office stated that the democratic nature of the WDC's constituent European nations would be upheld, furthe",General,Neutral
Reddit r/FIREPakistan,2026-03-24 05:44,Mutual Funds or Pension Account??,https://reddit.com/r/FIREPakistan/comments/1s25ec5/mutual_funds_or_pension_account/,This is a very redundant query and i am sorry for asking it again. For someone who cannot spend too much time and effor for research on the stock market what is the best option out of the two when it comes to long term savings; Mutual Funds or Pension Account? I can save a variable amount each month for a period of almost 20 years. I spend my time to study and earn more but always researching,"Pension, Fund",Positive
Reddit r/Nios_unofficial,2026-03-24 05:43,Used CPGRAMS to report the state of the NIOS website.,https://reddit.com/r/Nios_unofficial/comments/1s25e5n/used_cpgrams_to_report_the_state_of_the_nios/,,General,Neutral
Reddit r/u_LetterheadNo7950,2026-03-24 05:43,Private Limited Company Registration in India – Complete Guide for 2026,https://reddit.com/r/u_LetterheadNo7950/comments/1s25dz9/private_limited_company_registration_in_india/,"# Private Limited Company Registration in India – Complete Guide for 2026 Starting a business in India has become easier than ever, especially with digital processes and simplified compliance systems. Among various business structures, a private limited company is one of the most preferred choices for startups and entrepreneurs due to its credibility, limited liability, and ease of raising funds.",Fund,Neutral
Reddit r/u_brightscholarship,2026-03-24 05:42,ITRI Summer Internship 2026 in Taiwan (Fully Funded),https://reddit.com/r/u_brightscholarship/comments/1s25dhh/itri_summer_internship_2026_in_taiwan_fully_funded/,,Fund,Neutral
Reddit r/SailPointacademy,2026-03-24 05:37,SailPoint Training in Hyderabad,https://reddit.com/r/SailPointacademy/comments/1s25a6u/sailpoint_training_in_hyderabad/,"# [SailPoint Training Institute In Hyderabad](https://sailpointacademy.com/sailpoint-training-in-hyderabad.html) – Complete Guide to Build a Successful IAM Career In today’s rapidly evolving cybersecurity landscape, identity and access management (IAM) has become a critical component for organizations. Enrolling in a **SailPoint Training Institute In Hyderabad** is one of the best ways to gain ex",General,Positive
Reddit r/50501,2026-03-24 05:36,The Government Shutdown Over ICE is working,https://reddit.com/r/50501/comments/1s259qu/the_government_shutdown_over_ice_is_working/,"In the 1600s, England was the furthest thing from a democracy. Only a few people could vote for parliament and the king was an unelected dictator. But eventually it evolved into a more democratic system. A key factor in this evolution was the power of the purse which parliament had, and, in the current government shutdown, we are seeing this power today. [King Charles I, due to the Kingdom's d",Event,Neutral
Reddit r/SciFiConcepts,2026-03-24 05:36,"I had these sci-fi film concepts during a rough introspective phase, so I’m dumping them here instead of deleting them",https://reddit.com/r/SciFiConcepts/comments/1s259je/i_had_these_scifi_film_concepts_during_a_rough/,"I had these during a pretty rough introspective phase, and honestly I’m not a director, not a screenwriter, not an industry guy, none of that. I just had these ideas hit me hard, wrote them down, and figured it would be better to throw them onto the internet than let them die in my notes for no reason. So yeah, this is basically a copy-paste drop. No big plan. No “please fund my trilogy” energy.",Fund,Neutral
Reddit r/neabscocreeck,2026-03-24 05:35,The single most shocking testimony in United States congressional history.,https://reddit.com/r/neabscocreeck/comments/1s259a1/the_single_most_shocking_testimony_in_united/,"J.J. CARRELL: “I state without reservation that the United States federal government under Joe Biden and Kamala Harris is the world's largest child sex trafficking organization in modern history. The probability…that thousands of these children are being raped at this very moment is one hundred percent."" ""I served in the United States border patrol for twenty four years until I retired as a depu",Stories,Neutral
Reddit r/WhatTrumpHasDone,2026-03-24 05:35,DHS Includes People Extradited to the U.S. and Serving Prison Time on ‘Worst of the Worst’ List,https://reddit.com/r/WhatTrumpHasDone/comments/1s2597y/dhs_includes_people_extradited_to_the_us_and/,"Ramon Santoyo-Cristobal, a Sinaloa Cartel drug trafficker and former partner to Joaquín “El Chapo” Guzmán, was arrested by Italian authorities in 2020. The Department of Justice extradited him to the United States, where he was sentenced to more than eight years in federal prison for conspiring to distribute meth, cocaine and heroin. Now, two years later, the Trump administration is taking credit",General,Negative
Reddit r/languagelab,2026-03-24 05:33,How Digital Teacher English Language Lab Changed Learning Outcomes: A Real Case Study from School to College,https://reddit.com/r/languagelab/comments/1s257nl/how_digital_teacher_english_language_lab_changed/,"**1.What is Digital Teacher English Language Lab?** Digital Teacher English Language Lab is a software based language lab by Code and Pixels that builds English skills through interactive lessons, phonetics, soft skills, and blended learning (Teacher-led + self-practice). It is aligned to **CEFR levels A1–C2** and mapped to Indian learners context, with content that covers listening, speaking, re",General,Neutral
Reddit r/u_Mindless_Nail_1432,2026-03-24 05:29,THE JOURNEY TO BECOMING A WRITER,https://reddit.com/r/u_Mindless_Nail_1432/comments/1s255jw/the_journey_to_becoming_a_writer/,"I didn’t come to writing from theory. I came to it from lived experience. Growing up in public housing, spending time in the goldfields with my grandfather, and later working across government, community organisations and complex systems — I’ve seen how environments shape people long before policy ever does. Over time, I found myself working inside the very systems that claim to solve social pr",Housing Loan,Neutral
Reddit r/u_Ok_Prune9808,2026-03-24 05:28,"session: Kim Jong Un was re-elected as Chairman of the State Affairs Commission (the country’s leader). New leaders of state institutions and the government, including the Prime Minister, were selected. Discussions were held on amendments to the constitution and a five-year economic development pla",https://reddit.com/r/u_Ok_Prune9808/comments/1s254em/session_kim_jong_un_was_reelected_as_chairman_of/,,General,Positive
Reddit r/biglaw,2026-03-24 05:21,Critique my resume for Paralegal/ Legal Assistant Positions in the US,https://reddit.com/r/biglaw/comments/1s250bb/critique_my_resume_for_paralegal_legal_assistant/,https://preview.redd.it/ibtgbftrgxqg1.png?width=1338&format=png&auto=webp&s=363219db3ed626cd13e593cf79f3a9cae18ad780 I have been actively applying to almost 100's of paralegal or Legal Assistant Roles with little to no success. Could you all please critique my resume for those roles or give valuable feedback?,General,Neutral
Reddit r/BeverlyHillsStandard,2026-03-24 05:15,"Beverly Hills Police Officers Association Endorses Nazarian, Friedman and Stuart For City Council",https://reddit.com/r/BeverlyHillsStandard/comments/1s24wd6/beverly_hills_police_officers_association/,"[Beverly Hills Police Officers Association-endorsed City Council candidates, from left, Mayor Sharona Nazarian, Councilmember Lester Friedman and BHUSD Governing Board Member Russell Stuart. \(BHPD\/City Council Candidates\)](https://preview.redd.it/n19gpj1wfxqg1.jpg?width=2292&format=pjpg&auto=webp&s=ee682031fb218c376248112a20e250c101df6af4) The Beverly Hills Police Officers Associat","Members, Governance",Neutral
Reddit r/ItalianForEveryone,2026-03-24 05:06,"The 2026 Italian Language Crisis: Why ""Knowing"" Italian Isn't Enough Anymore",https://reddit.com/r/ItalianForEveryone/comments/1s24qou/the_2026_italian_language_crisis_why_knowing/,"If you have been watching the news in Italy this month, you know that the landscape for foreigners has shifted. With the implementation of Law 74/2025 and the new guidelines for the Digital Nomad Visa released on March 2nd, the Italian government has sent a clear message: **Passive learning is no longer a valid path to residency or citizenship.** The ""B1 Cliff"" is real. We are seeing a record numb",General,Neutral
Reddit r/GlobalPowers,2026-03-24 05:03,[EVENT] The Rise of Kedaulantan - Indonesia 2026 - 2030,https://reddit.com/r/GlobalPowers/comments/1s24opp/event_the_rise_of_kedaulantan_indonesia_2026_2030/,"Lieutenant General ***Ahmad Zulkarnain Hakim*** sits in his porch in his Makasaar Estate. He is fifty-three years old, lean and sharp-faced, born in Makassar to a ***santri*** family of modest means. His father was a Muhammadiyah schoolteacher. His mother memorized the Quran. He received his military commission in 1995 and spent his formative years not in the Jakarta staff corridors where careers",Event,Neutral
Reddit r/EverHint,2026-03-24 04:47,"EverHint - Stock Market News — March 23, 2026 (last 12 hours, Evening Update - Pacific Time)",https://reddit.com/r/EverHint/comments/1s24eik/everhint_stock_market_news_march_23_2026_last_12/,"## Executive Summary Evening trading turned volatile as Iran denied engaging in de-escalation talks with Washington, reversing earlier optimism that drove U.S. stocks to gains of over 1.4% during Monday's session. The denial sent stock futures lower in after-hours trading, though Asian markets opened cautiously higher despite the conflicting signals. The most significant corporate development cam",General,Positive
Reddit r/1102,2026-03-24 04:46,"FROM CAGE MATCH TO CABINET: Mullin Confirmed at DHS After Nearly Fighting a Witness, Claiming Classified War Experience That Wasn't, and Calling the Committee Chair a Snake",https://reddit.com/r/1102/comments/1s24dnh/from_cage_match_to_cabinet_mullin_confirmed_at/,"The Senate confirmed Markwayne Mullin as DHS Secretary tonight, 54-45. He replaces Kristi Noem, whose tenure we've covered extensively on this sub. If you're just joining us: [Horseback Heist Part 1](https://www.reddit.com/r/1102/comments/1rn0ouj/horseback_heist_noem_rode_off_with_143m_in_nobid/), [Part 2](https://www.reddit.com/r/1102/comments/1rnlzkx/horseback_heist_pt_2_what_actually_happened/)",General,Neutral
Reddit r/conspiracy,2026-03-24 04:44,This war was never about oil or democracy.,https://reddit.com/r/conspiracy/comments/1s24che/this_war_was_never_about_oil_or_democracy/,"Iran's military command issued a direct statement: strike our energy infrastructure, and we strike desalination plants across the region. This wasn't a vague threat. A US strike hit Iran's Qeshm Island desalination plant, disrupting water to 30 villages. Iran responded — an Iranian drone struck a Bahraini desalination plant on March 8. Kuwait and the UAE reported missile-related desalination damag",General,Negative
Reddit r/copytradingforum,2026-03-24 04:37,I just learned about a trading account structure that multiplies your equity by 10x — here's how it actually works,https://reddit.com/r/copytradingforum/comments/1s2488k/i_just_learned_about_a_trading_account_structure/,"Been doing some research into funded and leveraged trading account structures and came across something called a credit facility programme that I hadn't seen structured this way before. The basic mechanic: You deposit your own funds and the broker applies a credit facility on top — 9x your deposit — giving you 10x total trading equity in your MT5 account. So $100 deposit = $1,000 trading equity.",Fund,Positive
Reddit r/Hedera,2026-03-24 04:25,Borrower repayments flow back directly to cSigma's csUSDh holders on Hedera,https://reddit.com/r/Hedera/comments/1s2403d/borrower_repayments_flow_back_directly_to_csigmas/,"Borrower Wallets → Institutional Vaults → Fund Manager → ERC-7575 Vault As capital returns, vault NAV rises, and the csUSD exchange rate appreciates, allowing lenders to benefit through the growing token value.","Fund, Benefits",Neutral
Reddit r/Winnipeg,2026-03-24 04:23,"Provincial budget includes free transit passes for youths in Winnipeg, four other cities",https://reddit.com/r/Winnipeg/comments/1s23ypg/provincial_budget_includes_free_transit_passes/,"Manitoba’s NDP government will make it more affordable for youths as young as 12 to get to school, jobs and activities with free transit passes. The details will be announced in Tuesday’s budget. “We have money set aside in the budget to work with municipalities to cover the cost of transit for high school-aged youth,” a spokesperson for the province said Monday. Winnipeg and four other municip",General,Positive
Reddit r/saasbuild,2026-03-24 04:19,found an idea? i'll tell you how tech can help you,https://reddit.com/r/saasbuild/comments/1s23wdd/found_an_idea_ill_tell_you_how_tech_can_help_you/,"For non-technical people. If you've found a problem that if it can be fixed with some solution, people will buy it, but you don't know how tech can help you, this is for you. To give a bit of context, we're a startup based out of South Asia, we're bootstrapped and we need funding for a bunch of things, we've tried getting funds/grants from the government but they stopped offering a while ago, it'",Fund,Neutral
Reddit r/microsaas,2026-03-24 04:19,[non-tech founders] found an idea? i'll tell you how tech can help you,https://reddit.com/r/microsaas/comments/1s23vyl/nontech_founders_found_an_idea_ill_tell_you_how/,"For non-technical people. If you've found a problem that if it can be fixed with some solution, people will buy it, but you don't know how tech can help you, this is for you. To give a bit of context, we're a startup based out of South Asia, we're bootstrapped and we need funding for a bunch of things, we've tried getting funds/grants from the government but they stopped offering a while ago, it'",Fund,Neutral
Reddit r/Forex_FA_Bull,2026-03-24 04:18,Why Does Gold Sometimes Fall During War? (Deep Macro Explanation),https://reddit.com/r/Forex_FA_Bull/comments/1s23vga/why_does_gold_sometimes_fall_during_war_deep/,"**1. “Buy the rumor, sell the fact”** The most common and logical explanation is the classic market principle: *“buy the rumor, sell the fact.”* Before a war begins, markets are dominated by uncertainty. Investors don’t know if the conflict will actually happen, how large it will be, or whether major powers will intervene. This fear of the unknown creates a geopolitical risk premium, pushing gol",General,Neutral
Reddit r/founder,2026-03-24 04:18,found an idea? i'll tell you how tech can help you,https://reddit.com/r/founder/comments/1s23vbn/found_an_idea_ill_tell_you_how_tech_can_help_you/,"For non-technical people. If you've found a problem that if it can be fixed with some solution, people will buy it, but you don't know how tech can help you, this is for you. To give a bit of context, we're a startup based out of South Asia, we're bootstrapped and we need funding for a bunch of things, we've tried getting funds/grants from the government but they stopped offering a while ago, it'",Fund,Neutral
Reddit r/Storyboard18,2026-03-24 04:11,Karnataka proposes one-hour daily screen time cap for students in draft digital use policy,https://reddit.com/r/Storyboard18/comments/1s23qmx/karnataka_proposes_onehour_daily_screen_time_cap/,"The Karnataka government is working on a draft policy to regulate digital usage among students, proposing a cap of one hour per day on recreational screen time as concerns around technology addiction and mental health continue to grow. The proposed “Policy for Responsible Digital Use Among Students” targets those in Classes 9 to 12 and takes a multi-stakeholder approach, involving schools, parent",General,Neutral
Reddit r/davao,2026-03-24 04:10,student loan - davao area,https://reddit.com/r/davao/comments/1s23q1j/student_loan_davao_area/,"Hi everyone, I’m currently looking for advice or recommendations on where I can apply for a student loan. I urgently need funds for my tuition and housing. I’m hoping to borrow around 25k po huhu I’m okay with longer repayment terms as long as I can secure the amount soon. I can realistically commit to paying about 1k -1.5k per month If naa mo nabal an whether it’s banks, private lenders, govern","Fund, Housing Loan",Positive
Reddit r/immigration,2026-03-24 04:06,J-1 subject to 212(e) via Gov Funding: Can I switch to a US university GRA to stop my debt from growing?,https://reddit.com/r/immigration/comments/1s23neq/j1_subject_to_212e_via_gov_funding_can_i_switch/,"Hi everyone, I’m a J-1 STEM Master’s student (started in Aug 25). My visa sponsor is my US university, but I am subject to 212(e) because my funding comes from my home government. To issue a ""No Objection Statement"" for my waiver, my government requires me to repay all the money they’ve spent on me in a single lump sum. My Plan: 1. Secure a fully-funded GRA or transition into a Ph.D. at my cur",Fund,Neutral
Reddit r/AsianetNewsOfficial,2026-03-24 04:03,"മോഹൻലാൽ മുഖ്യമന്ത്രി അഭിമുഖത്തിന് ചെലവായത് 11,21, 000 രൂപ",https://reddit.com/r/AsianetNewsOfficial/comments/1s23ks6/മഹൻലൽ_മഖയമനതര_അഭമഖതതന_ചലവയത_1121_000_രപ/,[https://www.asianetnews.com/kerala-news/mohanlals-interview-with-the-chief-minister-cost-rupees-1121000-government-funds-used-articleshow-dc7tc2s](https://www.asianetnews.com/kerala-news/mohanlals-interview-with-the-chief-minister-cost-rupees-1121000-government-funds-used-articleshow-dc7tc2s),Fund,Neutral
Reddit r/AYearOfLesMiserables,2026-03-24 04:01,2026-03-24 Tuesday: 4.7.3 ; The Idyl in the Rue Plumet and the Epic in the Rue Saint-Denis / Slang / Slang which weeps and Slang which laughs (L'idylle rue Plumet et l'épopée rue Saint-Denis / L'Argot / Argot qui pleure et argot qui rit),https://reddit.com/r/AYearOfLesMiserables/comments/1s23jch/20260324_tuesday_473_the_idyl_in_the_rue_plumet/,"*All quotations and characters names from 4.7.3:* [*Slang which weeps and Slang which laughs*](https://en.wikisource.org/wiki/Les_Mis%C3%A9rables/Volume_4/Book_Seventh/Chapter_3) */* [*Argot qui pleure et argot qui rit*](https://www.gutenberg.org/cache/epub/17518/pg17518-images.html#Chapitre_IIIg) (Quotations from the text are always *italicized*, even when “*in quotation marks*”, to distinguish",Event,Neutral
Reddit r/VCX_Fundrise,2026-03-24 04:00,"VCX is trading at 9-15x NAV. I’m an inaugural investor with 7,600 restricted shares. Here’s my exit playbook and why Fundrise might be pulling off the smartest capital raise in fintech history.",https://reddit.com/r/VCX_Fundrise/comments/1s23j4s/vcx_is_trading_at_915x_nav_im_an_inaugural/,I’ve been in the Fundrise Innovation Fund since 2022. Bought in around $12-19/share. Today VCX hit $300 in after-hours on its third day of trading. My restricted shares are locked until mid-September. Here’s everything I’ve been thinking through. The numbers ∙ NAV per share: \~$19-22 ∙ Current trading range: $160-300 (that’s 8-15x NAV) ∙ Total shares outstanding: \~34 million ∙ Unrestrict,"Fund, Stories",Positive
Reddit r/personalfinance,2026-03-24 03:59,We have an Inheritance coming and I want to restructure our portfolio.,https://reddit.com/r/personalfinance/comments/1s23i5h/we_have_an_inheritance_coming_and_i_want_to/,We began personal investing a year ago at 54 with Roth IRAs. Mine is $19k and my wife's is $9k. (This is 2025-26 contributions and growth totals.) She has a Vanguard 2035 TDF in her 401k with $86k. My pension should be worth around $670k in ten more years. The inheritance will be $223k. We will be paying off about $20k in debt and want to put a down payment on a house of 20% ($118k). Housing in o,"Pension, Contributions, Housing Loan",Positive
Reddit r/TrueAnon,2026-03-24 03:58,A schizoid rant about American power projection by someone who's completely unqualified to do so.,https://reddit.com/r/TrueAnon/comments/1s23he3/a_schizoid_rant_about_american_power_projection/,"So America has been doing this thing since the introduction of strategic bombing in WW2 where they think they can bomb a nation into submission and not have to invade with troops on the ground, this ethos really started around the 1920s after the end of WW1 and the introduction of the plane. That strategy is flawed though because no matter how much you control the air and bomb ground assets, you",General,Neutral
Reddit r/misc,2026-03-24 03:57,"Is Donald Trump following his own playbook, or someone elses?",https://reddit.com/r/misc/comments/1s23guf/is_donald_trump_following_his_own_playbook_or/,"Reports from political scientists and analysts as of early 2026 suggest Donald Trump is actively dismantling democratic norms at an unprecedented speed, moving the U.S. closer to autocracy. Observers cite the concentration of executive power, attacks on institutions, and admiration for foreign ""strongmen"" as evidence of an authoritarian approach. ￼The Conversation +3 Undermining Democracy: Repo",General,Positive
Reddit r/conspiracy,2026-03-24 03:51,Reality is a Spiritual Game,https://reddit.com/r/conspiracy/comments/1s23c9t/reality_is_a_spiritual_game/,"Reality is a spiritual game For the past few months I have been thinking about the nature of reality. The different events had made reality feel strange. I fell into many rabbit holes and finally I came upon this dude in insta. He takes celebrities and shows how they are actually immortal fallen angels playing roles. He will point out scars, moles and teeth along with side by side comparison. I s",Event,Neutral
Reddit r/llc_life,2026-03-24 03:49,LLC for landowner renting to farmer,https://reddit.com/r/llc_life/comments/1s23aqp/llc_for_landowner_renting_to_farmer/,"My dad owns a small tract of land (40 acres) that is used for hunting. He leases about 20 acres to a local farmer to essentially cover property tax. There are no improvements, buildings, etc on the property. Should he have an LLC for this in case the farmer has an accident on the property or something? They have a lot of assets and investments (pension, IRA’s, mutual funds, two homes, etc.). They","Pension, Investment, Fund",Neutral
Reddit r/IndiaAlgoTrading,2026-03-24 03:45,Key Trading Insights from Today's News for Algo Traders,https://reddit.com/r/IndiaAlgoTrading/comments/1s2380x/key_trading_insights_from_todays_news_for_algo/,"hey guys I have curated some news articles for my trading setup today 1. Powerica is mobilizing over Rs 329 crore from 17 anchor investors ahead of their Rs 1,100-crore IPO opening on March 24. This shows strong institutional interest, and I'm thinking of exploring opportunities in IPO-related volatility. 2. The bad bank framework is set for an overhaul with the NARCL-IDRCL merger. This could im",General,Neutral
Reddit r/StartupsHelpStartups,2026-03-24 03:38,"tell me what problem you want to solve it and how you plan to solve it, I will tell you how tech can help you do that.",https://reddit.com/r/StartupsHelpStartups/comments/1s232i6/tell_me_what_problem_you_want_to_solve_it_and_how/,"For non-technical people. If you've found a problem that if it can be fixed with some solution, people will buy it, but you don't know how tech can help you, this is for you. To give a bit of context, we're a startup based out of South Asia, we're bootstrapped and we need funding for a bunch of things, we've tried getting funds/grants from the government but they stopped offering a while ago, it'",Fund,Neutral
Reddit r/ModestoTinyHomes,2026-03-24 03:36,Tiny Village Project,https://reddit.com/r/ModestoTinyHomes/comments/1s230y7/tiny_village_project/,"MODESTO COMMUNITY ACTION ASSOCIATION has announced that they are moving forward in development for the community wide effort at batting the escalating issue of unhoused and under housed folks in the area. Since 2014, the Modesto Community Action Association has worked with various agencies and advocacy groups to build better, more accountable programs that provide real results to this problem. Th",General,Positive
Reddit r/Seattle,2026-03-24 03:33,Donate Online to support TSA workers @ Seattle-Tacoma International Airport,https://reddit.com/r/Seattle/comments/1s22ywj/donate_online_to_support_tsa_workers/,"Last night, I made a post providing the community with the latest information around ICE deployment at the airport. You can continue to get the latest information [by going to that thread](https://www.reddit.com/r/Seattle/comments/1s18cs6/ice_deployment_at_seattletacoma_international/?utm_source=share&utm_medium=web3x&utm_name=web3xcss&utm_term=1&utm_content=share_button). I will",General,Positive
Reddit r/TRUMPS_ASS,2026-03-24 03:25,"🌍[ROUNDUP] Global News Roundup March 23, 2026 - Middle East Ceasefire Hopes, Global Oil Shock, and World TB Day",https://reddit.com/r/TRUMPS_ASS/comments/1s22t2q/roundup_global_news_roundup_march_23_2026_middle/,"🔥 **TOP STORIES** * ☢️ **Iran-Israel Crisis:** Tensions reach a tipping point as Israel targets Iranian nuclear sites and oil refineries. **President Trump** has announced a **5-day postponement** of planned strikes on Iranian power plants following ""productive"" talks, though Tehran continues to deny any official negotiations are taking place. * 🛢️ **Global Energy Shock:** Oil prices have surged,",General,Neutral
Reddit r/TalesFromTheCreeps,2026-03-24 03:25,Apotheotic Egregore ch.3,https://reddit.com/r/TalesFromTheCreeps/comments/1s22t0n/apotheotic_egregore_ch3/,"*Never made it as a wise man* *I couldn't cut it as a poor man stealing* *Tired of livin' like a blind man* *I'm sick of sight without a sense of feeling* *And this is how you remind me* Karla's therapy is a lot more fun than mine. I would almost be jealous, but I'd probably end up embarrassing myself if I tried to do what she does. Karla's appointments typically used to coincide with min",General,Neutral
Reddit r/PhD,2026-03-24 03:13,Biomedical engineering PhD at a small US medical school as an international student — will limited “name recognition” hurt my career?,https://reddit.com/r/PhD/comments/1s22k56/biomedical_engineering_phd_at_a_small_us_medical/,I’m an international student deciding whether to pursue a Biomedical Engineering PhD at a small U.S. medical school (Medical college of Wisconsin) I have some concerns and would really appreciate honest input: 1. The school is relatively small and seems to have mostly regional (Midwest) recognition. People outside wisconsin 1. may not be very familiar with it. 2. It doesn’t appear to have s,General,Neutral
Reddit r/wolfspeed,2026-03-24 03:10,"Wolfspeed restructures $379M in debt, and raises $96M via shares and warrants",https://reddit.com/r/wolfspeed/comments/1s22hke/wolfspeed_restructures_379m_in_debt_and_raises/,"Credit to u/marksasongko for bringing this to my attention. Wolfspeed announced a fairly major financing/restructuring last Thursday (how did we miss that?). They are using a combination of new debt, shares, and warrants to restructure some of the high interest senior debt. Some notes: The Bad: * 5.25M @ $18.45 shares and warrants (with a strike of $0.01, so basically shares). Not quite sure why",General,Neutral
Reddit r/Namibia,2025-08-24 17:27,Corruption is the order of the day,https://reddit.com/r/Namibia/comments/1mz1qtr/corruption_is_the_order_of_the_day/,"The image shared and the accompanying critique reflects a broader pattern of systemic failure, elite impunity, and economic sabotage that has left citizens disillusioned and angry. The Fishrot Scandal: A Symbol of Elite Capture The Fishrot scandal involved high-level officials manipulating fishing quotas for personal gain. Former ministers and business elites were arrested, but many implicated",General,Neutral
Reddit r/Namibia,2025-08-13 15:13,SWAPO's Achievements for 36 Years,https://reddit.com/r/Namibia/comments/1mp76a6/swapos_achievements_for_36_years/,"1. ACC Establishment (2006) the Anti-Corruption Commission (ACC) was inaugurated in 2006 under the Anti-Corruption Act of 2003. While it was a government initiative, its timing coincided with public pressure over scandals like the GIPF investment losses. 2. Genocide Remembrance Day (28 May) was proposed by former SWANU MP Usutuaije Maamberua. It was later adopted by government, but opposition par",Investment,Neutral
Reddit r/UMukhasimAutoNews,2017-07-05 13:04,"(AA) Namibia: Osona Housing Project On Track - Report | [New Era] Windhoek -Data from the Government Institutions Pension Fund (GIPF) shows that only 78 houses have been commissioned out of the 2,500 applications made for houses at Osona Village near Okahandja.",https://reddit.com/r/UMukhasimAutoNews/comments/6ldvpa/aa_namibia_osona_housing_project_on_track_report/,,"Pension, Fund, Namibia, Housing Loan",Neutral
